Target Feature,MAE,MSE,RMSE,R2
MA_TEMP,0.08668503999549042,0.020507854484050313,0.1432056370540291,0.9976283663104544
SA_TEMP,0.033908202492569386,0.015256023238402083,0.1235152753241561,0.16481813346414087
CHWC_VLV_DM,0.05715494463928668,0.0078105024354589905,0.08837704699444868,0.8399783685076971
OA_DMPR_DM,0.00043813826012723526,5.38846088943771e-05,0.007340613659250642,0.9985037360812506
SF_WAT,1.4287741686900748,9.459814795665357,3.075681192137013,0.9995418236735466
RF_WAT,1.4883255109024438,8.020241977657221,2.8320031740196234,0.994062545596279
