Target Feature,MAE,MSE,RMSE,R2
MA_TEMP,0.7229902325892605,1.6969862349183793,1.302684242216194,0.8735835542409464
SA_TEMP,0.04584321884474175,0.020495494962375998,0.14316247749454464,0.3548846560683082
CHWC_VLV_DM,0.05038462013959041,0.006649032301021177,0.08154159859250477,0.8983594859270254
OA_DMPR_DM,0.0022214200636997542,0.00021244590719475163,0.014575524251111917,0.9964047701149028
SF_WAT,2.5944780422019336,38.606605803209824,6.213421424884186,0.9983910785049824
RF_WAT,1.6612288102298813,13.003253527454167,3.606002430317285,0.9930223759233194
