Target Feature,MAE,MSE,RMSE,R2
MA_TEMP,0.05650933943999632,0.005578608506714495,0.07469008305467664,0.9994301066013436
SA_TEMP,0.003486189831721605,0.00012812454455092838,0.011319211304279481,0.99726230683471
CHWC_VLV_DM,0.006835387941303508,0.00014623654590478646,0.012092830351277837,0.9970827935430732
OA_DMPR_DM,0.000816809326679039,7.141715791247937e-06,0.002672398883259746,0.9998739370286053
SF_WAT,1.3594299771699299,9.484161614184744,3.079636604241602,0.9993386002095908
RF_WAT,1.1408320985118183,4.813319127324435,2.1939277853485595,0.9963910938975926
